Use_of_proceed,Project_name,Country,Technology,Generation_MWh,Allocated_M,Project_share,GHG_footprint,Fin_GHG_Avoidance,Fin_GHG_Avoid_perM,Fin_GHG_Avoidance_min,Fin_GHG_Avoidance_max,GHG_Avoidance_total,GHG_Avoidance_total_min,GHG_Avoidance_total_max,Mode,Number_of_vehicles,Fin_GHG_footprint,Footprint_total,City,passenger_km,BuildingType,M2,Cert
Renewable Energy,SuperWind,United Kingdom,Onshore Wind,1000,9099,0.8,0,255756.4017243999,28.10818790245081,207216.24694686328,304296.5565019366,319695.5021554999,259020.3086835791,380370.6956274207,NA,NA,NA,NA,NA,NA,NA,NA,NA
Renewable Energy,HyperWind,Sweden,Offshore Wind,5000,6066,0.5,0,129900.05250736384,21.414449803390017,105246.2467304427,154553.858284285,259800.10501472768,210492.4934608854,309107.71656857,NA,NA,NA,NA,NA,NA,NA,NA,NA
Clean Transportation - Cars,Tesla Finance,Hungary,NA,NA,1500,0.8,NA,493.9955158580094,0.3293303439053396,199.95982295244232,712.3672185945042,617.4943948225117,249.94977869055288,890.4590232431301,EV,1000,301.77005214199056,377.21256517748816,NA,NA,NA,NA,NA
Clean Transportation - Mass transit,SuperBus,Jordan,NA,NA,1300,0.8,NA,98857.54272463679,76.04426363433599,93755.71849841374,103959.36695085984,123571.92840579599,117194.64812301718,129949.2086885748,Electric Bus,NA,3178.9417998241656,3973.6772497802067,NA,1330000000,NA,NA,NA
Green Buildings,SuperBuilding,Hungary,NA,NA,1900,0.8,NA,16.245586174752145,0.008550308513027445,8.494120771370403,25.90010595860485,20.30698271844018,10.617650964213002,32.37513244825606,NA,NA,11.603990124822957,14.504987656028696,NA,NA,Office,1000,LEED Gold
